[{"model": "admin.logentry", "pk": 68, "fields": {"action_time": "2022-01-16T01:38:18.555Z", "user": 5, "content_type": 14, "object_id": "48", "object_repr": "Julian David Garcia Quintero", "action_flag": 3, "change_message": ""}}, {"model": "admin.logentry", "pk": 69, "fields": {"action_time": "2022-01-16T01:38:18.560Z", "user": 5, "content_type": 14, "object_id": "47", "object_repr": "frio", "action_flag": 3, "change_message": ""}}, {"model": "admin.logentry", "pk": 70, "fields": {"action_time": "2022-01-16T01:38:18.563Z", "user": 5, "content_type": 14, "object_id": "46", "object_repr": "julian", "action_flag": 3, "change_message": ""}}, {"model": "admin.logentry", "pk": 71, "fields": {"action_time": "2022-01-16T01:38:18.566Z", "user": 5, "content_type": 14, "object_id": "45", "object_repr": "julian", "action_flag": 3, "change_message": ""}}, {"model": "admin.logentry", "pk": 72, "fields": {"action_time": "2022-01-16T01:38:18.569Z", "user": 5, "content_type": 14, "object_id": "44", "object_repr": "julian", "action_flag": 3, "change_message": ""}}, {"model": "admin.logentry", "pk": 73, "fields": {"action_time": "2022-01-16T01:38:18.572Z", "user": 5, "content_type": 14, "object_id": "43", "object_repr": "rico", "action_flag": 3, "change_message": ""}}, {"model": "admin.logentry", "pk": 74, "fields": {"action_time": "2022-01-16T01:38:18.575Z", "user": 5, "content_type": 14, "object_id": "42", "object_repr": "JOHANNA", "action_flag": 3, "change_message": ""}}, {"model": "admin.logentry", "pk": 75, "fields": {"action_time": "2022-01-16T01:52:34.042Z", "user": 5, "content_type": 14, "object_id": "52", "object_repr": "sinfoto", "action_flag": 3, "change_message": ""}}, {"model": "admin.logentry", "pk": 76, "fields": {"action_time": "2022-01-16T01:52:34.047Z", "user": 5, "content_type": 14, "object_id": "51", "object_repr": "agua", "action_flag": 3, "change_message": ""}}, {"model": "admin.logentry", "pk": 77, "fields": {"action_time": "2022-01-16T01:52:34.050Z", "user": 5, "content_type": 14, "object_id": "50", "object_repr": "foto", "action_flag": 3, "change_message": ""}}, {"model": "admin.logentry", "pk": 78, "fields": {"action_time": "2022-01-16T01:52:34.053Z", "user": 5, "content_type": 14, "object_id": "49", "object_repr": "no foto", "action_flag": 3, "change_message": ""}}, {"model": "auth.user", "pk": 2, "fields": {"password": "pbkdf2_sha256$260000$WVFOaDPGBxLqAlSltT176s$Vcp6Y+4G2kMvsBcuKPxtFt7Zd2Toe1d9XgUUe/WchaY=", "last_login": "2022-01-16T03:37:58.808Z", "is_superuser": false, "username": "test", "first_name": "", "last_name": "", "email": "test@test.com", "is_staff": false, "is_active": true, "date_joined": "2022-01-14T17:59:37.367Z", "groups": [], "user_permissions": []}}, {"model": "auth.user", "pk": 3, "fields": {"password": "pbkdf2_sha256$260000$L088var4qQ2rrTdol09wG3$oaEV7uzYewoFlUmbMwwcChSht3OhiFF4njlmOxbXtdU=", "last_login": null, "is_superuser": true, "username": "julian", "first_name": "", "last_name": "", "email": "juliandavid.garcia@gmail.com", "is_staff": true, "is_active": true, "date_joined": "2022-01-14T21:21:16.632Z", "groups": [], "user_permissions": []}}, {"model": "auth.user", "pk": 5, "fields": {"password": "pbkdf2_sha256$260000$4pYqNvydj1EnwCmmocDdCf$+agjZsj6mgH5PfpK2gcDH+8si0kbIHAmW1ylk8rbdh0=", "last_login": "2022-01-16T01:37:48.473Z", "is_superuser": true, "username": "Julian", "first_name": "", "last_name": "", "email": "juliandavid.garcia@gmail.com", "is_staff": true, "is_active": true, "date_joined": "2022-01-14T21:52:51.294Z", "groups": [], "user_permissions": []}}, {"model": "auth.user", "pk": 6, "fields": {"password": "pbkdf2_sha256$260000$G88sKOinz7NVVbzHcAjedz$+1rOerGGurYs9xLUmANV9/7/6wNEqoi04Nfi639Mjoc=", "last_login": null, "is_superuser": true, "username": "gitpod", "first_name": "", "last_name": "", "email": "juliandavid.garcia@gmail.com", "is_staff": true, "is_active": true, "date_joined": "2022-01-16T22:59:28.549Z", "groups": [], "user_permissions": []}}, {"model": "sessions.session", "pk": "1ykt5lliv62rdd8fuyqoueo8gusutd8t", "fields": {"session_data": "e30:1n8U2R:UYT76NgoIUhWTl_UQGG5RuCtJjF7KCrB9LCCe4rRoRk", "expire_date": "2022-01-28T21:23:11.032Z"}}, {"model": "sessions.session", "pk": "48j3mdhzgin6bk0actotzxolugmfmrvq", "fields": {"session_data": "e30:1n8UAm:6-2DLr0QTh8SA2WxickRct4cYCFuYmCRwfegYuPQZXA", "expire_date": "2022-01-28T21:31:48.012Z"}}, {"model": "sessions.session", "pk": "4fd2e9hrpkd3djd9ipmzfnj01l8j4i2l", "fields": {"session_data": "e30:1n8U37:jNGmjkti53Dm9Hg6JGmaVIdQGFtLcm7CyE2b4_KZ0Gw", "expire_date": "2022-01-28T21:23:53.298Z"}}, {"model": "sessions.session", "pk": "5butro26fi1n53rf92oa6h1ehtyku5b3", "fields": {"session_data": "e30:1n8U7c:JUheW8zgVu9l7MgGE9NU4vmYU_lJhbyNlQb94FvsaUk", "expire_date": "2022-01-28T21:28:32.249Z"}}, {"model": "sessions.session", "pk": "5o1a07sih030bzsvo32g8e1gak2zlex6", "fields": {"session_data": "e30:1n8U0e:Q4GI0LwKQjrkhEwdKC3ByLg_YSjhAdsX8Sn1jZx2JYc", "expire_date": "2022-01-28T21:21:20.640Z"}}, {"model": "sessions.session", "pk": "7t3bkfdhgfzzo7n9phb57x1obtvrsn4n", "fields": {"session_data": "e30:1n8Twv:n-1hcc0BMkVVCFFV9m79jRII6TbuHcXonsdmqZcd_Qo", "expire_date": "2022-01-28T21:17:29.400Z"}}, {"model": "sessions.session", "pk": "8bdizb8t069qqkcol9i5hjlnwi9t2rwj", "fields": {"session_data": ".eJxVjEsOgjAUAO_StWkoviJl6d4zNO9XQU2bUHBjvLuSsNDtzGReJuK6jHGtOsdJzGCcOfwyQr5r3oTcMF-L5ZKXeSK7JXa31V6K6OO8t3-DEeu4bYlRE5FrWJqkDQG6wMAE3reOxQcAPPWd4BFT6LkNHvgIbecEU5f0O6341DjlVMywzKu-Pw5GPwE:1n7qEl:IwhTcsj2sf1jGvPF13p_4Q4GMmThQbdqz6UW7DVX7Es", "expire_date": "2022-01-27T02:53:15.729Z"}}, {"model": "sessions.session", "pk": "bp1xn11lycjxe0qzvdx6083gzezq4262", "fields": {"session_data": ".eJxVjcsOgyAQRf9l1o1BB_Gxa3-EDDhEUoONQNOm6b8XGzcu77mvD0R6svbBrTCmLfMFdOQY_Ro0vx5-e8MoCqOcZp0jb9pPMEIDJ2bI3jnsBi3Ljiuyds0hVf_MYcfqWhSH5C2lcnA7WqepmeJcdiQpIjVh3xse2KBpSLoa0VkcSCknjRPWihapU4NEKVB0wpm6NZ2Rsq3h-wNNpkmS:1n8Xw9:we3nUiIn_3vyLgyVZQ2BYgGG1zC4MkZikctB-qPn0AI", "expire_date": "2022-01-29T01:32:57.448Z"}}, {"model": "sessions.session", "pk": "ch75f251iazlk9za4241apb2gtvawugi", "fields": {"session_data": "eyJzYXZlX2luZm8iOmZhbHNlLCJiYWciOnsiMiI6MX0sIl9zZXNzaW9uX2V4cGlyeSI6MH0:1n8QmL:hUIqRvPcaTDBvGAXLXCU4Pc5QPN3zzjM2xYRXfXrxQo", "expire_date": "2022-01-28T17:54:21.557Z"}}, {"model": "sessions.session", "pk": "e01ns9w5xi7s561y5e38dig24g9w9o0s", "fields": {"session_data": "e30:1n8U3i:apwpKGAEff2sY8gjUONK6GwAGmW-W5Ch41QeBjB7LfU", "expire_date": "2022-01-28T21:24:30.268Z"}}, {"model": "sessions.session", "pk": "fn0ous356dabjeqpysahcomj5hr5az12", "fields": {"session_data": "e30:1n8QmU:TANyahKQ5bvLB_IvHZq4KEnQs-a1AjqIaFhPScCvrzE", "expire_date": "2022-01-28T17:54:30.841Z"}}, {"model": "sessions.session", "pk": "ik5jka798oj95fpx230xsaqv46d2u0if", "fields": {"session_data": "e30:1n8Txi:DdZIh37yqk2HqM3itlcq5dPf9VyhyUT45SDA7orDYhU", "expire_date": "2022-01-28T21:18:18.248Z"}}, {"model": "sessions.session", "pk": "kulw0xy2cp31f4nbxqh6njmmg3mix29i", "fields": {"session_data": "e30:1n8Tzd:YEvfvBjxVKM8jlm8QrVnU8E3Ww5hRWRcGmHg8SqQh_Y", "expire_date": "2022-01-28T21:20:17.354Z"}}, {"model": "sessions.session", "pk": "kuuwdww4u637lx2s4wyewanejqfv6snb", "fields": {"session_data": "e30:1n8QtN:H5xq0VcZl4EI8LgN22t6yPe0Uhum8f9cJUvdkGsB9JI", "expire_date": "2022-01-28T18:01:37.027Z"}}, {"model": "sessions.session", "pk": "lkihfzuuytp5lsvzp0keo7lnc9dwdzex", "fields": {"session_data": ".eJxVjcsKgzAQRf9l1kWiE-NjV38kzMQJhkosJkJL6b9XixuX93XuB2ySlMISrbyeYX1Dr25gacuT3ZKsNozQQwUXj8k9JB4BzfNhF-TcssVc_DtnnIr7riTm4CjvB8O5uqAmStPO0WSIzIhty9IJI1ekfYnoHXZkjNfslXOqRmpMp1ErVI3yXNbcsNZ1Cd8fQU1Dbg:1n8wNE:fibtSNwTynQCEJCDJzF7napD-QdmuHPECss8ozrf_7o", "expire_date": "2022-01-30T03:38:32.164Z"}}, {"model": "sessions.session", "pk": "p0dvv8tur72mw31n9sb3d8ugtpfuw6co", "fields": {"session_data": "e30:1n8UB8:i8_w_BwBwtarliNwj6jOer21YVP6K2gKdd8Vz4czXX0", "expire_date": "2022-01-28T21:32:10.910Z"}}, {"model": "sessions.session", "pk": "qqwnd9bdbtsxmtt9n05j5dl5fkeel361", "fields": {"session_data": "e30:1n8U2n:uaVwtIHQQe7VER-g-9Xe2WhGZPrAR_N-7F7mD-8McOU", "expire_date": "2022-01-28T21:23:33.433Z"}}, {"model": "sessions.session", "pk": "u7f95hm9yw5j0wos9gewdi5be5hsach8", "fields": {"session_data": "e30:1n8U1H:9QGb1uQIq0_z32dxhY0WdfUiIzqbMYDhuQxsbO3fOvk", "expire_date": "2022-01-28T21:21:59.506Z"}}, {"model": "sessions.session", "pk": "ws40m2b377g1arepz9o36dydscl0c2wr", "fields": {"session_data": "e30:1n8U1Q:g48CzK91-RHrcfvXc3847xcHhCA5ghI-XJP5oHtlhYM", "expire_date": "2022-01-28T21:22:08.624Z"}}, {"model": "sessions.session", "pk": "yustzdxlqutd69k0bkmwt6mzfo2te3a3", "fields": {"session_data": "eyJhY2NvdW50X3ZlcmlmaWVkX2VtYWlsIjpudWxsLCJhY2NvdW50X3VzZXIiOiIyIn0:1n8Qs4:ICtiO6i0eZVEmAdlEWPW6JJLXNcWgLAmgRxWh7GbzdM", "expire_date": "2022-01-28T18:00:16.195Z"}}, {"model": "sites.site", "pk": 1, "fields": {"domain": "example.com", "name": "example.com"}}, {"model": "account.emailaddress", "pk": 2, "fields": {"user": 2, "email": "test@test.com", "verified": true, "primary": true}}, {"model": "account.emailaddress", "pk": 3, "fields": {"user": 5, "email": "juliandavid.garcia@gmail.com", "verified": false, "primary": false}}, {"model": "products.category", "pk": 1, "fields": {"name": "red wine", "friendly_name": "Red wine"}}, {"model": "products.category", "pk": 2, "fields": {"name": "white wine", "friendly_name": "White wine"}}, {"model": "products.category", "pk": 3, "fields": {"name": "rose", "friendly_name": "Rose"}}, {"model": "products.category", "pk": 4, "fields": {"name": "white beer", "friendly_name": "White beer"}}, {"model": "products.category", "pk": 5, "fields": {"name": "blond beer", "friendly_name": "Blond beer"}}, {"model": "products.category", "pk": 6, "fields": {"name": "dark beer", "friendly_name": "Dark beer"}}, {"model": "products.category", "pk": 7, "fields": {"name": "pilsen beer", "friendly_name": "Pilsen beer"}}, {"model": "products.category", "pk": 8, "fields": {"name": "rum", "friendly_name": "Rum"}}, {"model": "products.category", "pk": 9, "fields": {"name": "vodka", "friendly_name": "Vodka"}}, {"model": "products.category", "pk": 10, "fields": {"name": "whiskey", "friendly_name": "Whiskey"}}, {"model": "products.category", "pk": 11, "fields": {"name": "cognac", "friendly_name": "Cognac"}}, {"model": "products.category", "pk": 12, "fields": {"name": "tequila", "friendly_name": "Tequila"}}, {"model": "products.category", "pk": 13, "fields": {"name": "liqueur", "friendly_name": "Liqueur"}}, {"model": "products.product", "pk": 1, "fields": {"category": 1, "sku": "pp001", "name": "Saute Rocher - red wine PGI Saint-Guilhem-de-Désert - Castelbarry", "description": "The wines of the Saute-rocher de Castelbarry collection are mineral, surprising, like hiking on the slopes of the Larzac mountains or a stroll in the medieval streets of Saint-Guilhem-le-Désert.\r\nCultivated and matured sustainably, to offer wines as healthy as they are gourmet, the Saute-Rocher wines are labelled Terra Vitis and Vignerons en développement durable.", "price": "8.99", "rating": "4.60", "image_url": "https://produits.bienmanger.com/39377-0w0h0_Saute_Rocher_Red_Wine_Pgi_Saint_Guilhem_Desert.jpg", "image": "Saute_Rocher_Red_Wine_Pgi_Saint_Guilhem_Desert_3kqekuf.jpg"}}, {"model": "products.product", "pk": 2, "fields": {"category": 1, "sku": "pp002", "name": "Red Wine Merlot-Tannat - Vin de Pays of Côtes de Gascogne", "description": "The Gascogne is an exceptional reserve of micro-terroirs, the proof is here with friendly and full wine. Typical of Gascony it this wine is the fruit of marriage between roundness and softness of Merlot, Tannat and generosity.", "price": "6.00", "rating": "4.60", "image_url": "https://produits.bienmanger.com/23659-0w0h0_Red_Wine_Merlot_Tannat_Vin_Pays_Cotes_Gascogne.jpg", "image": "Red_Wine_Merlot_Tannat_Vin_Pays_Cotes_Gascogne_1PtnMPc.jpg"}}, {"model": "products.product", "pk": 3, "fields": {"category": 1, "sku": "pp003", "name": "La Vina de la Merce - Spanish red wine PDO Rioja", "description": "The structure of this wine preserves the classicism of the Rioja PDO, while adding a touch of modernity.\r\nIts low minerality characteristic of this region makes it very easy to drink, leaving a very pleasant finish, inviting the next glass!\r\nDrink at around 15 to 17°C, without the need to decant it. But you will be able to appreciate its beautiful evolution from the moment the bottle is opened to the bottom of your glass.", "price": "5.00", "rating": "4.50", "image_url": "https://produits.bienmanger.com/39112-0w0h0_Vina_Merce_Spanish_Red_Wine_Pdo_Rioja.jpg", "image": "Vina_Merce_Spanish_Red_Wine_Pdo_Rioja.jpg"}}, {"model": "products.product", "pk": 4, "fields": {"category": 1, "sku": "pp004", "name": "Monte Velho - Red Wine from Portugal", "description": "A bold, mature and fruity wine from the Alentejo region, perfect for a meal", "price": "16.99", "rating": "3.00", "image_url": "https://produits.bienmanger.com/36654-0w0h0_Monte_Velho_Red_Wine_From_Portugal.jpg", "image": "Monte_Velho_Red_Wine_From_Portugal.jpg"}}, {"model": "products.product", "pk": 5, "fields": {"category": 2, "sku": "pp005", "name": "Amplitude White Wine from Tariquet", "description": "Côtes de Gascogne I.G.P", "price": "5.00", "rating": "5.00", "image_url": "https://produits.bienmanger.com/36879-0w0h0_Amplitude_White_Wine_From_Tariquet.jpg", "image": "Amplitude_White_Wine_From_Tariquet.jpg"}}, {"model": "products.product", "pk": 6, "fields": {"category": 2, "sku": "pp006", "name": "Organic and No Added Sulfite White Wine - Janus", "description": "A Loire wine under the leadership of Chardonnay, which is off the beaten path and will seduce you", "price": "7.00", "rating": "4.80", "image_url": "https://produits.bienmanger.com/34729-0w0h0_Organic_And_Added_Sulfite_White_Wine_Janus.jpg", "image": "Organic_And_Added_Sulfite_White_Wine_Janus.jpg"}}, {"model": "products.product", "pk": 7, "fields": {"category": 2, "sku": "pp007", "name": "Messidor Bordeaux white sweet wine", "description": "A winegrower and wine merchant since 1844, Cheval Quancard selects, vinifies and ages the best wines from the Bordeaux vineyards with the highest standards.", "price": "8.90", "rating": "3.50", "image_url": "https://produits.bienmanger.com/45809-0w0h0_Messidor_Bordeaux_White_Sweet_Wine.jpg", "image": "Messidor_Bordeaux_White_Sweet_Wine.jpg"}}, {"model": "products.product", "pk": 8, "fields": {"category": 2, "sku": "pp008", "name": "White Port Wine Lagrima - Ramos Pinto", "description": "A sweet and fruity wine emblematic of the Ramos Pinto 'Maison'.", "price": "9.00", "rating": "4.60", "image_url": "https://produits.bienmanger.com/30931-0w0h0_White_Porto_Lagrima_Ramos_Pinto.jpg", "image": "White_Porto_Lagrima_Ramos_Pinto.jpg"}}, {"model": "products.product", "pk": 9, "fields": {"category": 3, "sku": "pp009", "name": "Lez'Arts Rosé Wine From Mediterranean", "description": "A fruity rosé with a beautiful freshness that comes from the high vineyards of the Lubéron.", "price": "5.50", "rating": "4.20", "image_url": "https://produits.bienmanger.com/30889-0w0h0_Lez_Arts_Rose_Wine_From_Mediterranean.jpg", "image": "Lez_Arts_Rose_Wine_From_Mediterranean.jpg"}}, {"model": "products.product", "pk": 10, "fields": {"category": 3, "sku": "pp010", "name": "Estandon Reflet - Rosé Wine from Provence", "description": "Beautiful refreshing rosé of Provence", "price": "6.00", "rating": "4.80", "image_url": "https://produits.bienmanger.com/37073-0w0h0_Estandon_Reflet_Rose_Wine_From_Provence.jpg", "image": "Estandon_Reflet_Rose_Wine_From_Provence.jpg"}}, {"model": "products.product", "pk": 11, "fields": {"category": 3, "sku": "pp011", "name": "Saute-Rocher Rosé - Rose wine PGI Saint-Guilhem-de-Désert", "description": "An impeccable rosé for the aperitif, bringing as much freshness as intensity in the mouth. A nice surprise!", "price": "5.60", "rating": "3.90", "image_url": "https://produits.bienmanger.com/39381-0w0h0_Saute_Rocher_Rose_Rose_Wine_Pgi_Saint_Guilhem_Desert.jpg", "image": "Saute_Rocher_Rose_Rose_Wine_Pgi_Saint_Guilhem_Desert.jpg"}}, {"model": "products.product", "pk": 12, "fields": {"category": 3, "sku": "pp012", "name": "Diving Into Hampton Water - Rosé Wine from Languedoc", "description": "Very fresh and fruity rosé", "price": "3.50", "rating": "4.20", "image_url": "https://produits.bienmanger.com/36979-0w0h0_Diving_Into_Hampton_Water_Rose_Wine_From_Languedoc.jpg", "image": "Diving_Into_Hampton_Water_Rose_Wine_From_Languedoc.jpg"}}, {"model": "products.product", "pk": 13, "fields": {"category": 4, "sku": "pp013", "name": "White Kombucha beer - Kali Kombucha", "description": "A beer that rhymes with freshness and pleasure! Original in its composition and flavours, it is prepared with organic and natural ingredients. As a bonus, it contains very few calories", "price": "3.00", "rating": "3.50", "image_url": "https://produits.bienmanger.com/40263-0w0h0_White_Kombucha_Beer_Kali_Kombucha.jpg", "image": "White_Kombucha_Beer_Kali_Kombucha.jpg"}}, {"model": "products.product", "pk": 14, "fields": {"category": 4, "sku": "pp014", "name": "La Trappe White Trappist - White Dutch Beer - 5.5%", "description": "The first and only white trappist beer in the world!", "price": "4.30", "rating": "5.00", "image_url": "https://produits.bienmanger.com/5885-0w0h0_Trappe_White_Trappist_White_Dutch_Beer.jpg", "image": "Trappe_White_Trappist_White_Dutch_Beer.jpg"}}, {"model": "products.product", "pk": 15, "fields": {"category": 4, "sku": "pp015", "name": "White French beer Fario 5%", "description": "A beer with light citrus notes", "price": "3.50", "rating": "4.30", "image_url": "https://produits.bienmanger.com/16861-0w0h0_White_French_Beer_Fario.jpg", "image": "White_French_Beer_Fario.jpg"}}, {"model": "products.product", "pk": 16, "fields": {"category": 4, "sku": "pp016", "name": "White organic beer from Lozère 5", "description": "Water, malt, sugar, hops, Purée of blueberries 3.5%, yeast. No coloring or preservatives. Alcohol : 5% per vol.", "price": "6.30", "rating": "5.00", "image_url": "https://produits.bienmanger.com/38663-0w0h0_White_Organic_Beer_From_Lozere.jpg", "image": "White_Organic_Beer_From_Lozere.jpg"}}, {"model": "products.product", "pk": 17, "fields": {"category": 5, "sku": "pp017", "name": "Blond St Stefanus - 7%", "description": "Blond beer with spices", "price": "5.00", "rating": "5.00", "image_url": "https://produits.bienmanger.com/18805-0w0h0_Blond_Stefanus.jpg", "image": "Blond_Stefanus.jpg"}}, {"model": "products.product", "pk": 18, "fields": {"category": 5, "sku": "pp018", "name": "La Chouffe - Belgian Blond Beer 8%", "description": "Blonde \"La Chouffe\" beer", "price": "4.50", "rating": "4.50", "image_url": "https://produits.bienmanger.com/8817-0w0h0_La_Chouffe.jpg", "image": "La_Chouffe.jpg"}}, {"model": "products.product", "pk": 20, "fields": {"category": 6, "sku": "pp019", "name": "Gulden Draak - Dark Belgian Beer - 10.5%", "description": "This beer has a deep brown colour and a complex bouquet, with fruits, spices, toffee and malt flavours. The dragon, on the label, can be seen on the belfry, in Gand.", "price": "5.00", "rating": "4.30", "image_url": "https://produits.bienmanger.com/1445-0w0h0_Gulden_Draak_Dark_Beer.jpg", "image": "Gulden_Draak_Dark_Beer.jpg"}}, {"model": "products.product", "pk": 21, "fields": {"category": 6, "sku": "pp020", "name": "Delirium Nocturnum - Dark Belgian Beer - 8.5%", "description": "Delirium Nocturnum dark Belgian beer", "price": "3.50", "rating": "4.90", "image_url": "https://produits.bienmanger.com/5829-0w0h0_Delirium_Nocturnum_Dark_Belgian_Beer.jpg", "image": "Delirium_Nocturnum_Dark_Belgian_Beer.jpg"}}, {"model": "products.product", "pk": 22, "fields": {"category": 6, "sku": "pp021", "name": "Lupulus Hibernatus - dark beer - 9.5%", "description": "A winter beer that reveals delicious aromas of cinnamon, chocolate and honey", "price": "3.00", "rating": "40.00", "image_url": "https://produits.bienmanger.com/36091-0w0h0_Lupulus_Hibernatus_Dark_Beer.jpg", "image": "Lupulus_Hibernatus_Dark_Beer.jpg"}}, {"model": "products.product", "pk": 23, "fields": {"category": 6, "sku": "pp022", "name": "Downtown Brown beer - 5%", "description": "A dark beer with thick, creamy mousse", "price": "3.00", "rating": "4.50", "image_url": "https://produits.bienmanger.com/23651-0w0h0_Downtown_Brown_Beer.jpg", "image": "Downtown_Brown_Beer.jpg"}}, {"model": "products.product", "pk": 24, "fields": {"category": 7, "sku": "pp024", "name": "Efes Pilsen - Turkish Beer - 5%", "description": "This Efes Pilsen owes its unique flavour to the rice which is added to the other ingredients during the brewing process.", "price": "3.00", "rating": "3.50", "image_url": "https://produits.bienmanger.com/5835-0w0h0_Efes_Pilsen_Turkish_Beer.jpg", "image": "Efes_Pilsen_Turkish_Beer.jpg"}}, {"model": "products.product", "pk": 25, "fields": {"category": 7, "sku": "pp025", "name": "Almaza Pilsener - Beer from Lebanon 4%", "description": "Discover this super refreshing beer straight from Lebanon.", "price": "3.50", "rating": null, "image_url": "https://produits.bienmanger.com/39321-0w0h0_Almaza_Pilsener_Beer_From_Lebanon.jpg", "image": "Almaza_Pilsener_Beer_From_Lebanon.jpg"}}, {"model": "products.product", "pk": 26, "fields": {"category": 8, "sku": "pp026", "name": "Don Papa Braoko Spiced Rum 40%", "description": "The Don Papa Baroko is the latest addition to the famous Philippine distillery. Extremely delicious, it reveals bewitching notes of vanilla, citrus fruits and spices with a beautiful sweetness.", "price": "2.80", "rating": "40.00", "image_url": "https://produits.bienmanger.com/38991-0w0h0_Don_Papa_Braoko_Spiced_Rum.jpg", "image": "Don_Papa_Braoko_Spiced_Rum.jpg"}}, {"model": "products.product", "pk": 27, "fields": {"category": 8, "sku": "pp027", "name": "The Demon's share 6 years rum - 40", "description": "A distinguished rum, with floral hibiscus notes and hints of orange marmalade.", "price": "32.50", "rating": "4.90", "image_url": "https://produits.bienmanger.com/37553-0w0h0_The_Demon_Share_Years_Rum.jpg", "image": "The_Demon_Share_Years_Rum.jpg"}}, {"model": "products.product", "pk": 28, "fields": {"category": 8, "sku": "pp028", "name": "El Libertad \"Flavor of Freedom\" - 8 Years Sherry Spiced Rum 41.8%", "description": "A Dominican rum that gives taste to freedom!", "price": "25.00", "rating": "5.00", "image_url": "https://produits.bienmanger.com/37075-0w0h0_Libertad_Years_Sherry_Spiced_Rum.jpg", "image": "Libertad_Years_Sherry_Spiced_Rum.jpg"}}, {"model": "products.product", "pk": 29, "fields": {"category": 8, "sku": "pp029", "name": "Plantation Rum Original Dark 40%", "description": "Rum from a short fermentation", "price": "30.00", "rating": "5.00", "image_url": "https://produits.bienmanger.com/22893-0w0h0_Plantation_Rum_Original_Dark.jpg", "image": "Plantation_Rum_Original_Dark.jpg"}}, {"model": "products.product", "pk": 30, "fields": {"category": 9, "sku": "pp030", "name": "Belvedere Polish Vodka 40%", "description": "The most prestigious and the purest Polish vodka. You will also be seduced by the design of the bottle, playing with transparence effects", "price": "20.00", "rating": "3.50", "image_url": "https://produits.bienmanger.com/29223-0w0h0_Belvedere_Polish_Vodka.jpg", "image": "Belvedere_Polish_Vodka.jpg"}}, {"model": "products.product", "pk": 31, "fields": {"category": 9, "sku": "pp031", "name": "Krakus Exclusive Polish Vodka - 40%", "description": "All the nobility of the Polish tradition, enjoy iced in a cocktail or ice and pure if you want to discover all its finesse born of ancestral know-how", "price": "3.50", "rating": "4.30", "image_url": "https://produits.bienmanger.com/3022-0w0h0_Vodka_Krakus_Exclusive.jpg", "image": "Vodka_Krakus_Exclusive_qW7ksko.jpg"}}, {"model": "products.product", "pk": 32, "fields": {"category": 10, "sku": "pp032", "name": "Buffalo Trace whiskey - 40%", "description": "A famous whiskey connoisseurs worldwide", "price": "60.00", "rating": "4.60", "image_url": "https://produits.bienmanger.com/26983-0w0h0_Buffalo_Trace_Whiskey.jpg", "image": "Buffalo_Trace_Whiskey.jpg"}}, {"model": "products.product", "pk": 33, "fields": {"category": 10, "sku": "pp033", "name": "Jack Daniel's Single Barrel Rye Whiskey - 45%", "description": "A third expression of Single Barrel series always interesting this time with 70% rye and a passage in American white oak barrels.", "price": "50.00", "rating": "4.80", "image_url": "https://produits.bienmanger.com/33069-0w0h0_Jack_Daniel_Single_Barrel_Rye_Whiskey.jpg", "image": "Jack_Daniel_Single_Barrel_Rye_Whiskey.jpg"}}, {"model": "products.product", "pk": 34, "fields": {"category": 10, "sku": "pp034", "name": "Ichiro's Malt & Grain World Blended Whisky", "description": "A Japanese whisky demonstrating the art of blending for which Ichiro is renowned", "price": "30.00", "rating": "4.70", "image_url": "https://produits.bienmanger.com/37245-0w0h0_Ichiro_Malt_Grain_World_Blended_Whisky.jpg", "image": "Ichiro_Malt_Grain_World_Blended_Whisky.jpg"}}, {"model": "products.product", "pk": 35, "fields": {"category": 11, "sku": "pp035", "name": "Hennessy Cognac Paradis 40%", "description": "An essential reference in the world of cognacs in a beautiful bottle. Notice to connoisseurs!", "price": "60.00", "rating": "5.00", "image_url": "https://produits.bienmanger.com/36346-0w0h0_Hennessy_Cognac_Paradis.jpg", "image": "Hennessy_Cognac_Paradis.jpg"}}, {"model": "products.product", "pk": 36, "fields": {"category": 11, "sku": "pp036", "name": "Cognac \"Ile de Ré\" VS - 40%", "description": "AOP Cognac of roundness and exceptional power", "price": "39.00", "rating": "4.10", "image_url": "https://produits.bienmanger.com/27067-0w0h0_Cognac_Ile.jpg", "image": "Cognac_Ile.jpg"}}, {"model": "products.product", "pk": 37, "fields": {"category": 11, "sku": "pp037", "name": "Camus Cognac VSOP Borderies Single Estate 40%", "description": "Exclusively from the superb Camus vineyards in the heart of the prestigious Borderies appellation, this VSOP cognac is the most awarded in its category at the San Fransisco World Spirits Competition between 2013 and 2019.", "price": "68.00", "rating": "3.90", "image_url": "https://produits.bienmanger.com/44551-0w0h0_Camus_Cognac_Vsop_Borderies_Single_Estate.jpg", "image": "Camus_Cognac_Vsop_Borderies_Single_Estate.jpg"}}, {"model": "products.product", "pk": 38, "fields": {"category": 12, "sku": "pp038", "name": "Don Julio - Tequila Blanco", "description": "Don Julio's Tequila Blanco offers you to discover agave in its purest and most authentic form: nothing but unaged blue agave. The perfect ingredient to prepare delicious cocktails!", "price": "36.00", "rating": "5.00", "image_url": "https://produits.bienmanger.com/45686-0w0h0_Don_Julio_Tequila_Blanco.jpg", "image": "Don_Julio_Tequila_Blanco.jpg"}}, {"model": "products.product", "pk": 39, "fields": {"category": 12, "sku": "pp039", "name": "Casamigos Mezcal - agave alcohol 40°", "description": "Discover Mezcal, this Mexican brandy of character with an elegant balance between smoky and fruity notes.", "price": "50.00", "rating": "4.50", "image_url": "https://produits.bienmanger.com/40100-0w0h0_Casamigos_Mezcal_Agave_Alcohol.jpg", "image": "Casamigos_Mezcal_Agave_Alcohol.jpg"}}, {"model": "products.product", "pk": 40, "fields": {"category": 13, "sku": "pp040", "name": "Baileys Original Irish Cream Whisky 17%", "description": "The irrepressible Irish liquor, so sweet and tasty that we would eat it!", "price": "50.00", "rating": "5.00", "image_url": "https://produits.bienmanger.com/36344-0w0h0_Baileys_Original_Irish_Cream_Whisky.jpgg", "image": "Baileys.jpg"}}, {"model": "products.product", "pk": 41, "fields": {"category": 6, "sku": "pp023", "name": "Eightball Stout Brown Beer - 5,8%", "description": "A dark beer with surprising and sweet flavors.", "price": "3.00", "rating": "2.50", "image_url": "https://produits.bienmanger.com/23655-0w0h0_Eightball_Stout_Brown_Beer.jpg", "image": "Eightball_Stout_Brown_Beer.jpg"}}, {"model": "checkout.order", "pk": 1, "fields": {"order_number": "35A7496576CA48CD98040A71BA2F0971", "user_profile": null, "full_name": "Julian David Garcia Quintero", "email": "juliandavid.garcia@gmail.com", "phone_number": "0424242424224", "country": "Austria", "postcode": "1015DM", "town_or_city": "phone fraud", "street_address1": "prinsengracht 79 E", "street_address2": null, "county": "us", "date": "2022-01-13T02:24:20.737Z", "delivery_cost": "3.00", "order_total": "30.00", "grand_total": "33.00", "original_bag": "", "stripe_pid": ""}}, {"model": "checkout.order", "pk": 2, "fields": {"order_number": "59C2935CCE0D414AB58D537C54319909", "user_profile": null, "full_name": "Julian David Garcia Quintero", "email": "juliandavid.garcia@gmail.com", "phone_number": "0424242424224", "country": "Austria", "postcode": "1015DM", "town_or_city": "phone fraud", "street_address1": "prinsengracht 79 E", "street_address2": null, "county": "us", "date": "2022-01-13T02:41:24.870Z", "delivery_cost": "1.43", "order_total": "14.30", "grand_total": "15.73", "original_bag": "", "stripe_pid": ""}}, {"model": "checkout.order", "pk": 3, "fields": {"order_number": "C54035097DD24AC3A265A823F0DEF8F4", "user_profile": null, "full_name": "Julian David Garcia Quintero", "email": "juliandavid.garcia@gmail.com", "phone_number": "0424242424224", "country": "Austria", "postcode": "1015DM", "town_or_city": "phone fraud", "street_address1": "prinsengracht 79 E", "street_address2": null, "county": "us", "date": "2022-01-13T02:53:15.593Z", "delivery_cost": "0.90", "order_total": "9.00", "grand_total": "9.90", "original_bag": "", "stripe_pid": ""}}, {"model": "checkout.order", "pk": 4, "fields": {"order_number": "C6B46AF552EC42D7999ECD9DA22418E3", "user_profile": null, "full_name": "Julian David Garcia Quintero", "email": "juliandavid.garcia@gmail.com", "phone_number": "0424242424224", "country": "Austria", "postcode": "1015DM", "town_or_city": "phone fraud", "street_address1": "prinsengracht 79 E", "street_address2": null, "county": "us", "date": "2022-01-13T22:23:27.863Z", "delivery_cost": "0.35", "order_total": "3.50", "grand_total": "3.85", "original_bag": "", "stripe_pid": ""}}, {"model": "checkout.order", "pk": 5, "fields": {"order_number": "0760504A6F474B61BCEBDAF8EA3D8B01", "user_profile": null, "full_name": "Julian David Garcia Quintero", "email": "juliandavid.garcia@gmail.com", "phone_number": "0424242424224", "country": "Austria", "postcode": "1015DM", "town_or_city": "phone fraud", "street_address1": "prinsengracht 79 E", "street_address2": null, "county": "us", "date": "2022-01-13T23:18:51.763Z", "delivery_cost": "0.70", "order_total": "7.00", "grand_total": "7.70", "original_bag": "", "stripe_pid": ""}}, {"model": "checkout.order", "pk": 6, "fields": {"order_number": "8ADC2979227A46D3ABE695E8F01FE125", "user_profile": null, "full_name": "Julian David Garcia Quintero", "email": "juliandavid.garcia@gmail.com", "phone_number": "0424242424224", "country": "Austria", "postcode": "1015DM", "town_or_city": "phone fraud", "street_address1": "prinsengracht 79 E", "street_address2": null, "county": "us", "date": "2022-01-14T00:39:38.237Z", "delivery_cost": "3.40", "order_total": "33.98", "grand_total": "37.38", "original_bag": "", "stripe_pid": ""}}, {"model": "checkout.order", "pk": 7, "fields": {"order_number": "E25A34EEA1634CDB82ADD2D2696D20CC", "user_profile": 1, "full_name": "test", "email": "test@test.com", "phone_number": "0424242424224", "country": "AT", "postcode": "1015DM", "town_or_city": "phone fraud", "street_address1": "prinsengracht 79 E", "street_address2": null, "county": "us", "date": "2022-01-14T20:43:37.167Z", "delivery_cost": "3.60", "order_total": "36.00", "grand_total": "39.60", "original_bag": "{\"34\": 1, \"2\": 1}", "stripe_pid": "pi_3KHwbjIAuRb5jIDv0VbkrAPy"}}, {"model": "checkout.order", "pk": 8, "fields": {"order_number": "E6B7880291CD4FFFB20B0D554367D777", "user_profile": 1, "full_name": "test", "email": "test@test.com", "phone_number": "0424242424224", "country": "AT", "postcode": "1015DM", "town_or_city": "phone fraud", "street_address1": "prinsengracht 79 E", "street_address2": null, "county": "us", "date": "2022-01-14T21:08:22.424Z", "delivery_cost": "0.00", "order_total": "62.00", "grand_total": "62.00", "original_bag": "{\"39\": 1, \"3\": 1, \"6\": 1}", "stripe_pid": "pi_3KHx0AIAuRb5jIDv1dXDzmjv"}}, {"model": "checkout.order", "pk": 9, "fields": {"order_number": "22895A427B1A49C3BE0E29BFD0FCE9E7", "user_profile": 1, "full_name": "test", "email": "test@test.com", "phone_number": "0424242424224", "country": "AT", "postcode": "1015DM", "town_or_city": "phone fraud", "street_address1": "prinsengracht 79 E", "street_address2": null, "county": "us", "date": "2022-01-14T21:11:41.699Z", "delivery_cost": "1.70", "order_total": "16.99", "grand_total": "18.69", "original_bag": "{\"4\": 1}", "stripe_pid": "pi_3KHx3SIAuRb5jIDv152qKgJ4"}}, {"model": "checkout.order", "pk": 10, "fields": {"order_number": "55ED173546D64387A12426590F1352AE", "user_profile": 1, "full_name": "Julian David Garcia Quintero", "email": "juliandavid.garcia@gmail.com", "phone_number": "0424242424224", "country": "AT", "postcode": "1015DM", "town_or_city": "phone fraud", "street_address1": "prinsengracht 79 E", "street_address2": null, "county": "us", "date": "2022-01-14T21:12:15.787Z", "delivery_cost": "0.60", "order_total": "6.00", "grand_total": "6.60", "original_bag": "{\"2\": 1}", "stripe_pid": "pi_3KHx44IAuRb5jIDv1JEn4lxv"}}, {"model": "checkout.order", "pk": 11, "fields": {"order_number": "01EA2ADA5D9F45408D00AA3E01F08C97", "user_profile": 1, "full_name": "test", "email": "test@test.com", "phone_number": "0424242424224", "country": "AT", "postcode": "1015DM", "town_or_city": "phone fraud", "street_address1": "prinsengracht 79 E", "street_address2": null, "county": "us", "date": "2022-01-14T21:13:36.646Z", "delivery_cost": "0.60", "order_total": "6.00", "grand_total": "6.60", "original_bag": "{\"2\": 1}", "stripe_pid": "pi_3KHx5MIAuRb5jIDv0tky53ag"}}, {"model": "checkout.order", "pk": 12, "fields": {"order_number": "F0357EF7D7E74042997FC4887032F6D8", "user_profile": 1, "full_name": "test", "email": "test@test.com", "phone_number": "0424242424224", "country": "AT", "postcode": "1015DM", "town_or_city": "phone fraud", "street_address1": "prinsengracht 79 E", "street_address2": null, "county": "us", "date": "2022-01-14T21:43:24.765Z", "delivery_cost": "3.00", "order_total": "30.00", "grand_total": "33.00", "original_bag": "{\"34\": 1}", "stripe_pid": "pi_3KHxY6IAuRb5jIDv1YkI3Ngh"}}, {"model": "checkout.order", "pk": 13, "fields": {"order_number": "49C7D9A476404CF1B6DDDE0304D007B3", "user_profile": 1, "full_name": "test", "email": "test@test.com", "phone_number": "0424242424224", "country": "AT", "postcode": "1015DM", "town_or_city": "phone fraud", "street_address1": "prinsengracht 79 E", "street_address2": null, "county": "us", "date": "2022-01-14T21:45:00.880Z", "delivery_cost": "0.28", "order_total": "2.80", "grand_total": "3.08", "original_bag": "{\"26\": 1}", "stripe_pid": "pi_3KHxZjIAuRb5jIDv10NCXGhQ"}}, {"model": "checkout.order", "pk": 14, "fields": {"order_number": "AC6D3ED57EC045279C720F4E98F008DB", "user_profile": 1, "full_name": "test", "email": "test@test.com", "phone_number": "0424242424224", "country": "AT", "postcode": "1015DM", "town_or_city": "phone fraud", "street_address1": "prinsengracht 79 E", "street_address2": null, "county": "us", "date": "2022-01-14T21:45:58.879Z", "delivery_cost": "0.43", "order_total": "4.30", "grand_total": "4.73", "original_bag": "{\"14\": 1}", "stripe_pid": "pi_3KHxafIAuRb5jIDv0Y57HLaV"}}, {"model": "checkout.order", "pk": 15, "fields": {"order_number": "2EFC7F4842144280AC6F3A558A4196FE", "user_profile": 1, "full_name": "test", "email": "test@test.com", "phone_number": "0424242424224", "country": "AT", "postcode": "1015DM", "town_or_city": "phone fraud", "street_address1": "prinsengracht 79 E", "street_address2": null, "county": "us", "date": "2022-01-14T21:55:10.238Z", "delivery_cost": "0.00", "order_total": "100.00", "grand_total": "100.00", "original_bag": "{\"40\": 2}", "stripe_pid": "pi_3KHxjYIAuRb5jIDv1ubLpPsE"}}, {"model": "checkout.order", "pk": 16, "fields": {"order_number": "34A0D72FED094702865C3B448919147D", "user_profile": 1, "full_name": "test", "email": "test@test.com", "phone_number": "0424242424224", "country": "AT", "postcode": "1015DM", "town_or_city": "phone fraud", "street_address1": "prinsengracht 79 E", "street_address2": null, "county": "us", "date": "2022-01-14T21:58:41.406Z", "delivery_cost": "0.30", "order_total": "3.00", "grand_total": "3.30", "original_bag": "{\"22\": 1}", "stripe_pid": "pi_3KHxmzIAuRb5jIDv0ABTkCrh"}}, {"model": "checkout.order", "pk": 17, "fields": {"order_number": "A4378C5E20C642F18161D061F014E9AB", "user_profile": 1, "full_name": "test", "email": "test@test.com", "phone_number": "0424242424224", "country": "AT", "postcode": "1015DM", "town_or_city": "phone fraud", "street_address1": "prinsengracht 79 E", "street_address2": null, "county": "us", "date": "2022-01-14T22:01:41.893Z", "delivery_cost": "1.00", "order_total": "10.00", "grand_total": "11.00", "original_bag": "{\"5\": 2}", "stripe_pid": "pi_3KHxpuIAuRb5jIDv0ebyw3S3"}}, {"model": "checkout.order", "pk": 18, "fields": {"order_number": "AF1ABE5C576A4ADF913824A94CC72572", "user_profile": 1, "full_name": "test", "email": "test@test.com", "phone_number": "0424242424224", "country": "AT", "postcode": "1015DM", "town_or_city": "phone fraud", "street_address1": "prinsengracht 79 E", "street_address2": null, "county": "us", "date": "2022-01-14T22:05:21.936Z", "delivery_cost": "0.35", "order_total": "3.50", "grand_total": "3.85", "original_bag": "{\"15\": 1}", "stripe_pid": "pi_3KHxtQIAuRb5jIDv1mreWZ5p"}}, {"model": "checkout.order", "pk": 19, "fields": {"order_number": "318B5B19846349EB8D122DC448572495", "user_profile": 1, "full_name": "test", "email": "test@test.com", "phone_number": "0424242424224", "country": "AT", "postcode": "1015DM", "town_or_city": "phone fraud", "street_address1": "prinsengracht 79 E", "street_address2": null, "county": "us", "date": "2022-01-14T22:08:44.178Z", "delivery_cost": "0.35", "order_total": "3.50", "grand_total": "3.85", "original_bag": "{\"21\": 1}", "stripe_pid": "pi_3KHxwgIAuRb5jIDv0r06AKpl"}}, {"model": "checkout.order", "pk": 20, "fields": {"order_number": "7D088874BD8E4195A32C589147093063", "user_profile": 4, "full_name": "test", "email": "test@test.com", "phone_number": "0424242424224", "country": "AT", "postcode": "1015DM", "town_or_city": "phone fraud", "street_address1": "prinsengracht 79 E", "street_address2": null, "county": "us", "date": "2022-01-14T22:18:59.503Z", "delivery_cost": "0.60", "order_total": "6.00", "grand_total": "6.60", "original_bag": "{\"10\": 1}", "stripe_pid": "pi_3KHy6bIAuRb5jIDv0T52ae5B"}}, {"model": "checkout.order", "pk": 21, "fields": {"order_number": "89C695E25F0A460F8ABA124E16D05709", "user_profile": 4, "full_name": "test", "email": "test@test.com", "phone_number": "0424242424224", "country": "AT", "postcode": "1015DM", "town_or_city": "phone fraud", "street_address1": "prinsengracht 79 E", "street_address2": null, "county": "us", "date": "2022-01-14T22:19:50.589Z", "delivery_cost": "0.28", "order_total": "2.80", "grand_total": "3.08", "original_bag": "{\"26\": 1}", "stripe_pid": "pi_3KHy7QIAuRb5jIDv09hcOAeF"}}, {"model": "checkout.order", "pk": 22, "fields": {"order_number": "30C15DD17D774A3AB84E51DF31F2894E", "user_profile": 4, "full_name": "test", "email": "test@test.com", "phone_number": "0424242424224", "country": "AT", "postcode": "1015DM", "town_or_city": "phone fraud", "street_address1": "prinsengracht 79 E", "street_address2": null, "county": "us", "date": "2022-01-14T22:26:00.121Z", "delivery_cost": "0.89", "order_total": "8.90", "grand_total": "9.79", "original_bag": "{\"7\": 1}", "stripe_pid": "pi_3KHyDLIAuRb5jIDv0mYfhvS2"}}, {"model": "checkout.order", "pk": 23, "fields": {"order_number": "91267A65840B4735B1DFBF68A7FEAC38", "user_profile": 4, "full_name": "test", "email": "test@test.com", "phone_number": "0424242424224", "country": "AT", "postcode": "1015DM", "town_or_city": "phone fraud", "street_address1": "prinsengracht 79 E", "street_address2": null, "county": "us", "date": "2022-01-14T22:26:43.713Z", "delivery_cost": "0.60", "order_total": "6.00", "grand_total": "6.60", "original_bag": "{\"13\": 2}", "stripe_pid": "pi_3KHyE2IAuRb5jIDv0Kaxu0FP"}}, {"model": "checkout.order", "pk": 24, "fields": {"order_number": "1220F8D2BD084A5887684780163D4798", "user_profile": 4, "full_name": "test", "email": "test@test.com", "phone_number": "0424242424224", "country": "AT", "postcode": "1015DM", "town_or_city": "phone fraud", "street_address1": "prinsengracht 79 E", "street_address2": null, "county": "us", "date": "2022-01-14T22:27:47.506Z", "delivery_cost": "0.30", "order_total": "3.00", "grand_total": "3.30", "original_bag": "{\"22\": 1}", "stripe_pid": "pi_3KHyF6IAuRb5jIDv0Z3PjvpW"}}, {"model": "checkout.order", "pk": 25, "fields": {"order_number": "978B84BB2B834166AD2D1B86666A790B", "user_profile": null, "full_name": "Julian David Garcia Quintero", "email": "juliandavid.garcia@gmail.com", "phone_number": "0424242424224", "country": "AT", "postcode": "1015DM", "town_or_city": "phone fraud", "street_address1": "prinsengracht 79 E", "street_address2": null, "county": "us", "date": "2022-01-14T22:30:57.123Z", "delivery_cost": "0.60", "order_total": "6.00", "grand_total": "6.60", "original_bag": "{\"10\": 1}", "stripe_pid": "pi_3KHyIDIAuRb5jIDv0hiRM8so"}}, {"model": "checkout.order", "pk": 26, "fields": {"order_number": "12FCD976DDA34F84842F355F4C5711B2", "user_profile": null, "full_name": "Julian David Garcia Quintero", "email": "juliandavid.garcia@gmail.com", "phone_number": "0424242424224", "country": "AT", "postcode": "1015DM", "town_or_city": "phone fraud", "street_address1": "prinsengracht 79 E", "street_address2": null, "county": "us", "date": "2022-01-14T22:36:09.046Z", "delivery_cost": "0.60", "order_total": "6.00", "grand_total": "6.60", "original_bag": "{\"22\": 2}", "stripe_pid": "pi_3KHyNEIAuRb5jIDv19HgpXlH"}}, {"model": "checkout.order", "pk": 27, "fields": {"order_number": "959ACEA86F7D4B53BC26B463A6861D88", "user_profile": null, "full_name": "Julian David Garcia Quintero", "email": "juliandavid.garcia@gmail.com", "phone_number": "0424242424224", "country": "AT", "postcode": "1015DM", "town_or_city": "phone fraud", "street_address1": "prinsengracht 79 E", "street_address2": null, "county": "us", "date": "2022-01-14T22:42:38.932Z", "delivery_cost": "0.00", "order_total": "50.00", "grand_total": "50.00", "original_bag": "{\"39\": 1}", "stripe_pid": "pi_3KHyTWIAuRb5jIDv0Cpscywj"}}, {"model": "checkout.order", "pk": 28, "fields": {"order_number": "29527F4C6C0942949CCEAD87E4B93BC5", "user_profile": null, "full_name": "Julian David Garcia Quintero", "email": "juliandavid.garcia@gmail.com", "phone_number": "0424242424224", "country": "AT", "postcode": "1015DM", "town_or_city": "phone fraud", "street_address1": "prinsengracht 79 E", "street_address2": null, "county": "us", "date": "2022-01-14T22:51:38.220Z", "delivery_cost": "0.35", "order_total": "3.50", "grand_total": "3.85", "original_bag": "{\"15\": 1}", "stripe_pid": "pi_3KHycCIAuRb5jIDv1SgZi30Q"}}, {"model": "checkout.order", "pk": 29, "fields": {"order_number": "1B144F0AECFD4B18ADC2A13DAFBF040D", "user_profile": 1, "full_name": "test", "email": "test@test.com", "phone_number": "0424242424224", "country": "AT", "postcode": "1015DM", "town_or_city": "phone fraud", "street_address1": "prinsengracht 79 E", "street_address2": null, "county": "us", "date": "2022-01-14T23:15:22.371Z", "delivery_cost": "0.00", "order_total": "50.00", "grand_total": "50.00", "original_bag": "{\"40\": 1}", "stripe_pid": "pi_3KHyzBIAuRb5jIDv0dzGHJvr"}}, {"model": "checkout.order", "pk": 30, "fields": {"order_number": "45ED75BFF7AF4301A03DF089A67F1800", "user_profile": 1, "full_name": "test", "email": "test@test.com", "phone_number": "0424242424224", "country": "AT", "postcode": "1015DM", "town_or_city": "phone fraud", "street_address1": "prinsengracht 79 E", "street_address2": null, "county": "us", "date": "2022-01-14T23:17:57.520Z", "delivery_cost": "0.28", "order_total": "2.80", "grand_total": "3.08", "original_bag": "{\"26\": 1}", "stripe_pid": "pi_3KHz1fIAuRb5jIDv1Fh6rXEQ"}}, {"model": "checkout.order", "pk": 31, "fields": {"order_number": "FC58550808E2419CB1C24F27F5C1E13E", "user_profile": 1, "full_name": "test", "email": "test@test.com", "phone_number": "0424242424224", "country": "AT", "postcode": "1015DM", "town_or_city": "phone fraud", "street_address1": "prinsengracht 79 E", "street_address2": null, "county": "us", "date": "2022-01-14T23:29:03.252Z", "delivery_cost": "0.89", "order_total": "8.90", "grand_total": "9.79", "original_bag": "{\"7\": 1}", "stripe_pid": "pi_3KHzCQIAuRb5jIDv1LeiLMbL"}}, {"model": "checkout.order", "pk": 32, "fields": {"order_number": "85FA04E753EA41E3A65B572FF4247923", "user_profile": 1, "full_name": "test", "email": "test@test.com", "phone_number": "0424242424224", "country": "AT", "postcode": "1015DM", "town_or_city": "phone fraud", "street_address1": "prinsengracht 79 E", "street_address2": null, "county": "us", "date": "2022-01-14T23:54:35.715Z", "delivery_cost": "0.56", "order_total": "5.60", "grand_total": "6.16", "original_bag": "{\"11\": 1}", "stripe_pid": "pi_3KHzUTIAuRb5jIDv1eJIPTU0"}}, {"model": "checkout.order", "pk": 33, "fields": {"order_number": "24C0725A35FB4AD98A884A5EFB15DDCE", "user_profile": 1, "full_name": "Julian David Garcia Quintero", "email": "juliandavid.garcia@gmail.com", "phone_number": "0424242424224", "country": "AT", "postcode": "1015DM", "town_or_city": "phone fraud", "street_address1": "prinsengracht 79 E", "street_address2": null, "county": "us", "date": "2022-01-15T00:38:32.888Z", "delivery_cost": "0.60", "order_total": "6.00", "grand_total": "6.60", "original_bag": "{\"2\": 1}", "stripe_pid": "pi_3KI0HeIAuRb5jIDv0TU8z2Kk"}}, {"model": "checkout.order", "pk": 34, "fields": {"order_number": "DBEB2CF4B1464FB6B2D27952B980D89E", "user_profile": 1, "full_name": "test", "email": "test@test.com", "phone_number": "0424242424224", "country": "AT", "postcode": "1015DM", "town_or_city": "phone fraud", "street_address1": "prinsengracht 79 E", "street_address2": null, "county": "us", "date": "2022-01-15T00:48:52.631Z", "delivery_cost": "0.56", "order_total": "5.60", "grand_total": "6.16", "original_bag": "{\"11\": 1}", "stripe_pid": "pi_3KI0RdIAuRb5jIDv14joE2ly"}}, {"model": "checkout.order", "pk": 35, "fields": {"order_number": "111CA84D118F4E63BF86DCE726BD9ED4", "user_profile": 1, "full_name": "Julian David Garcia Quintero", "email": "juliandavid.garcia@gmail.com", "phone_number": "0424242424224", "country": "AT", "postcode": "1015DM", "town_or_city": "phone fraud", "street_address1": "prinsengracht 79 E", "street_address2": null, "county": "us", "date": "2022-01-15T01:32:57.344Z", "delivery_cost": "0.28", "order_total": "2.80", "grand_total": "3.08", "original_bag": "{\"26\": 1}", "stripe_pid": "pi_3KI18JIAuRb5jIDv1pADRjjw"}}, {"model": "checkout.order", "pk": 36, "fields": {"order_number": "6E13840C010E45B6B282E21C88A9ED77", "user_profile": null, "full_name": "Julian David Garcia Quintero", "email": "juliandavid.garcia@gmail.com", "phone_number": "0424242424224", "country": "AT", "postcode": "1015DM", "town_or_city": "phone fraud", "street_address1": "prinsengracht 79 E", "street_address2": null, "county": "us", "date": "2022-01-15T22:30:20.380Z", "delivery_cost": "0.00", "order_total": "50.00", "grand_total": "50.00", "original_bag": "{\"33\": 1}", "stripe_pid": "pi_3KIKl9IAuRb5jIDv19AK4Gfr"}}, {"model": "checkout.order", "pk": 37, "fields": {"order_number": "D19B3B445D9C430B9789804CED6D2F87", "user_profile": null, "full_name": "Julian David Garcia Quintero", "email": "juliandavid.garcia@gmail.com", "phone_number": "0424242424224", "country": "AT", "postcode": "1015DM", "town_or_city": "phone fraud", "street_address1": "prinsengracht 79 E", "street_address2": null, "county": "us", "date": "2022-01-15T22:32:14.920Z", "delivery_cost": "0.89", "order_total": "8.90", "grand_total": "9.79", "original_bag": "{\"7\": 1}", "stripe_pid": "pi_3KIKmzIAuRb5jIDv1L8boCpV"}}, {"model": "checkout.order", "pk": 38, "fields": {"order_number": "E23BF06BF446448193CD99818A63F4F9", "user_profile": null, "full_name": "Julian David Garcia Quintero", "email": "juliandavid.garcia@gmail.com", "phone_number": "0424242424224", "country": "AT", "postcode": "1015DM", "town_or_city": "phone fraud", "street_address1": "prinsengracht 79 E", "street_address2": null, "county": "us", "date": "2022-01-16T00:00:18.343Z", "delivery_cost": "0.35", "order_total": "3.50", "grand_total": "3.85", "original_bag": "{\"31\": 1}", "stripe_pid": "pi_3KIKtcIAuRb5jIDv0j6s8H4J"}}, {"model": "checkout.order", "pk": 39, "fields": {"order_number": "26CE1750528E4BEC9EDA1C8B0F1C6515", "user_profile": null, "full_name": "Julian David Garcia Quintero", "email": "juliandavid.garcia@gmail.com", "phone_number": "0424242424224", "country": "AT", "postcode": "1015DM", "town_or_city": "phone fraud", "street_address1": "prinsengracht 79 E", "street_address2": null, "county": "us", "date": "2022-01-16T00:02:27.774Z", "delivery_cost": "1.12", "order_total": "11.20", "grand_total": "12.32", "original_bag": "{\"11\": 2}", "stripe_pid": "pi_3KIMCEIAuRb5jIDv13O4V8dp"}}, {"model": "checkout.order", "pk": 40, "fields": {"order_number": "0FA2712AD6884A659A54842864B6CEE5", "user_profile": null, "full_name": "Julian David Garcia Quintero", "email": "juliandavid.garcia@gmail.com", "phone_number": "0424242424224", "country": "AT", "postcode": "1015DM", "town_or_city": "phone fraud", "street_address1": "prinsengracht 79 E", "street_address2": null, "county": "us", "date": "2022-01-16T00:04:11.339Z", "delivery_cost": "0.43", "order_total": "4.30", "grand_total": "4.73", "original_bag": "{\"14\": 1}", "stripe_pid": "pi_3KIMDxIAuRb5jIDv0iAOs7L4"}}, {"model": "checkout.order", "pk": 41, "fields": {"order_number": "D232712AB0764FA0ADAE46A5FAB8BE0A", "user_profile": null, "full_name": "test", "email": "test@test.com", "phone_number": "0424242424224", "country": "AT", "postcode": "1015DM", "town_or_city": "phone fraud", "street_address1": "prinsengracht 79 E", "street_address2": null, "county": "us", "date": "2022-01-16T00:06:40.163Z", "delivery_cost": "0.28", "order_total": "2.80", "grand_total": "3.08", "original_bag": "{\"26\": 1}", "stripe_pid": "pi_3KIMGNIAuRb5jIDv0XQXTQND"}}, {"model": "checkout.orderlineitem", "pk": 1, "fields": {"order": 1, "product": 28, "quantity": 1, "lineitem_total": "25.00"}}, {"model": "checkout.orderlineitem", "pk": 2, "fields": {"order": 1, "product": 3, "quantity": 1, "lineitem_total": "5.00"}}, {"model": "checkout.orderlineitem", "pk": 3, "fields": {"order": 2, "product": 6, "quantity": 1, "lineitem_total": "7.00"}}, {"model": "checkout.orderlineitem", "pk": 4, "fields": {"order": 2, "product": 14, "quantity": 1, "lineitem_total": "4.30"}}, {"model": "checkout.orderlineitem", "pk": 5, "fields": {"order": 2, "product": 13, "quantity": 1, "lineitem_total": "3.00"}}, {"model": "checkout.orderlineitem", "pk": 6, "fields": {"order": 3, "product": 13, "quantity": 1, "lineitem_total": "3.00"}}, {"model": "checkout.orderlineitem", "pk": 7, "fields": {"order": 3, "product": 22, "quantity": 2, "lineitem_total": "6.00"}}, {"model": "checkout.orderlineitem", "pk": 8, "fields": {"order": 4, "product": 31, "quantity": 1, "lineitem_total": "3.50"}}, {"model": "checkout.orderlineitem", "pk": 9, "fields": {"order": 5, "product": 15, "quantity": 2, "lineitem_total": "7.00"}}, {"model": "checkout.orderlineitem", "pk": 10, "fields": {"order": 6, "product": 4, "quantity": 2, "lineitem_total": "33.98"}}, {"model": "checkout.orderlineitem", "pk": 11, "fields": {"order": 7, "product": 34, "quantity": 1, "lineitem_total": "30.00"}}, {"model": "checkout.orderlineitem", "pk": 12, "fields": {"order": 7, "product": 2, "quantity": 1, "lineitem_total": "6.00"}}, {"model": "checkout.orderlineitem", "pk": 13, "fields": {"order": 8, "product": 39, "quantity": 1, "lineitem_total": "50.00"}}, {"model": "checkout.orderlineitem", "pk": 14, "fields": {"order": 8, "product": 3, "quantity": 1, "lineitem_total": "5.00"}}, {"model": "checkout.orderlineitem", "pk": 15, "fields": {"order": 8, "product": 6, "quantity": 1, "lineitem_total": "7.00"}}, {"model": "checkout.orderlineitem", "pk": 16, "fields": {"order": 9, "product": 4, "quantity": 1, "lineitem_total": "16.99"}}, {"model": "checkout.orderlineitem", "pk": 17, "fields": {"order": 10, "product": 2, "quantity": 1, "lineitem_total": "6.00"}}, {"model": "checkout.orderlineitem", "pk": 18, "fields": {"order": 11, "product": 2, "quantity": 1, "lineitem_total": "6.00"}}, {"model": "checkout.orderlineitem", "pk": 19, "fields": {"order": 12, "product": 34, "quantity": 1, "lineitem_total": "30.00"}}, {"model": "checkout.orderlineitem", "pk": 20, "fields": {"order": 13, "product": 26, "quantity": 1, "lineitem_total": "2.80"}}, {"model": "checkout.orderlineitem", "pk": 21, "fields": {"order": 14, "product": 14, "quantity": 1, "lineitem_total": "4.30"}}, {"model": "checkout.orderlineitem", "pk": 22, "fields": {"order": 15, "product": 40, "quantity": 2, "lineitem_total": "100.00"}}, {"model": "checkout.orderlineitem", "pk": 23, "fields": {"order": 16, "product": 22, "quantity": 1, "lineitem_total": "3.00"}}, {"model": "checkout.orderlineitem", "pk": 24, "fields": {"order": 17, "product": 5, "quantity": 2, "lineitem_total": "10.00"}}, {"model": "checkout.orderlineitem", "pk": 25, "fields": {"order": 18, "product": 15, "quantity": 1, "lineitem_total": "3.50"}}, {"model": "checkout.orderlineitem", "pk": 26, "fields": {"order": 19, "product": 21, "quantity": 1, "lineitem_total": "3.50"}}, {"model": "checkout.orderlineitem", "pk": 27, "fields": {"order": 20, "product": 10, "quantity": 1, "lineitem_total": "6.00"}}, {"model": "checkout.orderlineitem", "pk": 28, "fields": {"order": 21, "product": 26, "quantity": 1, "lineitem_total": "2.80"}}, {"model": "checkout.orderlineitem", "pk": 29, "fields": {"order": 22, "product": 7, "quantity": 1, "lineitem_total": "8.90"}}, {"model": "checkout.orderlineitem", "pk": 30, "fields": {"order": 23, "product": 13, "quantity": 2, "lineitem_total": "6.00"}}, {"model": "checkout.orderlineitem", "pk": 31, "fields": {"order": 24, "product": 22, "quantity": 1, "lineitem_total": "3.00"}}, {"model": "checkout.orderlineitem", "pk": 32, "fields": {"order": 25, "product": 10, "quantity": 1, "lineitem_total": "6.00"}}, {"model": "checkout.orderlineitem", "pk": 33, "fields": {"order": 26, "product": 22, "quantity": 2, "lineitem_total": "6.00"}}, {"model": "checkout.orderlineitem", "pk": 34, "fields": {"order": 27, "product": 39, "quantity": 1, "lineitem_total": "50.00"}}, {"model": "checkout.orderlineitem", "pk": 35, "fields": {"order": 28, "product": 15, "quantity": 1, "lineitem_total": "3.50"}}, {"model": "checkout.orderlineitem", "pk": 36, "fields": {"order": 29, "product": 40, "quantity": 1, "lineitem_total": "50.00"}}, {"model": "checkout.orderlineitem", "pk": 37, "fields": {"order": 30, "product": 26, "quantity": 1, "lineitem_total": "2.80"}}, {"model": "checkout.orderlineitem", "pk": 38, "fields": {"order": 31, "product": 7, "quantity": 1, "lineitem_total": "8.90"}}, {"model": "checkout.orderlineitem", "pk": 39, "fields": {"order": 32, "product": 11, "quantity": 1, "lineitem_total": "5.60"}}, {"model": "checkout.orderlineitem", "pk": 40, "fields": {"order": 33, "product": 2, "quantity": 1, "lineitem_total": "6.00"}}, {"model": "checkout.orderlineitem", "pk": 41, "fields": {"order": 34, "product": 11, "quantity": 1, "lineitem_total": "5.60"}}, {"model": "checkout.orderlineitem", "pk": 42, "fields": {"order": 35, "product": 26, "quantity": 1, "lineitem_total": "2.80"}}, {"model": "checkout.orderlineitem", "pk": 43, "fields": {"order": 36, "product": 33, "quantity": 1, "lineitem_total": "50.00"}}, {"model": "checkout.orderlineitem", "pk": 44, "fields": {"order": 37, "product": 7, "quantity": 1, "lineitem_total": "8.90"}}, {"model": "checkout.orderlineitem", "pk": 45, "fields": {"order": 38, "product": 31, "quantity": 1, "lineitem_total": "3.50"}}, {"model": "checkout.orderlineitem", "pk": 46, "fields": {"order": 39, "product": 11, "quantity": 2, "lineitem_total": "11.20"}}, {"model": "checkout.orderlineitem", "pk": 47, "fields": {"order": 40, "product": 14, "quantity": 1, "lineitem_total": "4.30"}}, {"model": "checkout.orderlineitem", "pk": 48, "fields": {"order": 41, "product": 26, "quantity": 1, "lineitem_total": "2.80"}}, {"model": "profiles.userprofile", "pk": 1, "fields": {"user": 2, "default_phone_number": "0424242424224", "default_street_address1": "prinsengracht 79 E", "default_street_address2": null, "default_town_or_city": "phone fraud", "default_county": "us", "default_postcode": "1015DM", "default_country": "AT"}}, {"model": "profiles.userprofile", "pk": 2, "fields": {"user": 3, "default_phone_number": null, "default_street_address1": null, "default_street_address2": null, "default_town_or_city": null, "default_county": null, "default_postcode": null, "default_country": null}}, {"model": "profiles.userprofile", "pk": 4, "fields": {"user": 5, "default_phone_number": "0424242424224", "default_street_address1": "prinsengracht 79 E", "default_street_address2": null, "default_town_or_city": "phone fraud", "default_county": "us", "default_postcode": "1015DM", "default_country": "AT"}}, {"model": "profiles.userprofile", "pk": 5, "fields": {"user": 6, "default_phone_number": null, "default_street_address1": null, "default_street_address2": null, "default_town_or_city": null, "default_county": null, "default_postcode": null, "default_country": null}}]